"","method","SMOTE","miRy","glm_modelname","glm_train_ROCAUC","glm_train_ROCAUC_lower95CI","glm_train_ROCAUC_upper95CI","glm_train_Accuracy","glm_train_Sensitivity","glm_train_Specificity","glm_test_Accuracy","glm_test_Sensitivity","glm_test_Specificity","glm_valid_Accuracy","glm_valid_Sensitivity","glm_valid_Specificity","mlp_modelname","mlp_train_ROCAUC","mlp_train_ROCAUC_lower95CI","mlp_train_ROCAUC_upper95CI","mlp_train_Accuracy","mlp_train_Sensitivity","mlp_train_Specificity","mlp_test_Accuracy","mlp_test_Sensitivity","mlp_test_Specificity","mlp_valid_Accuracy","mlp_valid_Sensitivity","mlp_valid_Specificity","mlpML_modelname","mlpML_train_ROCAUC","mlpML_train_ROCAUC_lower95CI","mlpML_train_ROCAUC_upper95CI","mlpML_train_Accuracy","mlpML_train_Sensitivity","mlpML_train_Specificity","mlpML_test_Accuracy","mlpML_test_Sensitivity","mlpML_test_Specificity","mlpML_valid_Accuracy","mlpML_valid_Sensitivity","mlpML_valid_Specificity","rf_modelname","rf_train_ROCAUC","rf_train_ROCAUC_lower95CI","rf_train_ROCAUC_upper95CI","rf_train_Accuracy","rf_train_Sensitivity","rf_train_Specificity","rf_test_Accuracy","rf_test_Sensitivity","rf_test_Specificity","rf_valid_Accuracy","rf_valid_Sensitivity","rf_valid_Specificity","C5.0_modelname","C5.0_train_ROCAUC","C5.0_train_ROCAUC_lower95CI","C5.0_train_ROCAUC_upper95CI","C5.0_train_Accuracy","C5.0_train_Sensitivity","C5.0_train_Specificity","C5.0_test_Accuracy","C5.0_test_Sensitivity","C5.0_test_Specificity","C5.0_valid_Accuracy","C5.0_valid_Sensitivity","C5.0_valid_Specificity","rpart_modelname","rpart_train_ROCAUC","rpart_train_ROCAUC_lower95CI","rpart_train_ROCAUC_upper95CI","rpart_train_Accuracy","rpart_train_Sensitivity","rpart_train_Specificity","rpart_test_Accuracy","rpart_test_Sensitivity","rpart_test_Specificity","rpart_valid_Accuracy","rpart_valid_Sensitivity","rpart_valid_Specificity","rpart2_modelname","rpart2_train_ROCAUC","rpart2_train_ROCAUC_lower95CI","rpart2_train_ROCAUC_upper95CI","rpart2_train_Accuracy","rpart2_train_Sensitivity","rpart2_train_Specificity","rpart2_test_Accuracy","rpart2_test_Sensitivity","rpart2_test_Specificity","rpart2_valid_Accuracy","rpart2_valid_Sensitivity","rpart2_valid_Specificity","ctree_modelname","ctree_train_ROCAUC","ctree_train_ROCAUC_lower95CI","ctree_train_ROCAUC_upper95CI","ctree_train_Accuracy","ctree_train_Sensitivity","ctree_train_Specificity","ctree_test_Accuracy","ctree_test_Sensitivity","ctree_test_Specificity","ctree_valid_Accuracy","ctree_valid_Sensitivity","ctree_valid_Specificity"
"1","feseR_combineFS_RF","No","Class ~ hsa.let.7b.5p + hsa.miR.320b + hsa.miR.30d.5p + hsa.miR.20b.5p + hsa.miR.19b.3p + hsa.miR.17.5p + hsa.miR.375.3p",1661462488.47648,0.89313488871011,"0.861167292957811","0.925102484462408",0.818414322250639,0.876106194690266,0.739393939393939,0.853846153846154,0.893333333333333,0.8,0.825757575757576,0.938775510204082,0.759036144578313,1661462557.28317,0.865593993027621,"0.828771511248294","0.902416474806949",0.751918158567775,0.946902654867257,0.484848484848485,0.784615384615385,1,0.490909090909091,0.651515151515151,0.959183673469388,0.469879518072289,1661464353.18887,0.860150174309466,"0.822541866458784","0.897758482160149",0.790281329923274,0.849557522123894,0.709090909090909,0.823076923076923,0.92,0.690909090909091,0.75,0.816326530612245,0.710843373493976,1661466053.67859,1,"1","1",1,1,1,0.884615384615385,0.946666666666667,0.8,0.742424242424242,0.918367346938776,0.63855421686747,1661466121.58167,0.994113703405739,"0.988775307772486","0.999452099038992",0.966751918158568,0.982300884955752,0.945454545454545,0.892307692307692,0.96,0.8,0.727272727272727,0.918367346938776,0.614457831325301,1661466199.63699,0.898565299007777,"0.866034799806266","0.931095798209287",0.864450127877238,0.911504424778761,0.8,0.861538461538462,0.933333333333333,0.763636363636364,0.727272727272727,0.836734693877551,0.662650602409639,1661466387.89536,0.868758380262805,"0.830892705663124","0.906624054862486",0.856777493606138,0.933628318584071,0.751515151515151,0.838461538461538,0.933333333333333,0.709090909090909,0.674242424242424,0.857142857142857,0.566265060240964,1661466441.52766,0.918691338160365,"0.891172574059478","0.946210102261251",0.867007672634271,0.929203539823009,0.781818181818182,0.853846153846154,0.92,0.763636363636364,0.704545454545455,0.877551020408163,0.602409638554217
"2","feseR_combineFS_RF_SMOTE","Yes","Class ~ hsa.miR.320b + hsa.let.7b.5p + hsa.miR.19b.3p + hsa.miR.20b.5p + hsa.miR.30d.5p + hsa.miR.139.3p + hsa.miR.17.5p + hsa.miR.375.3p",1661462489.12943,0.897309891142611,"0.868093443798888","0.926526338486334",0.807522123893805,0.853982300884956,0.761061946902655,0.861538461538462,0.88,0.836363636363636,0.840909090909091,0.918367346938776,0.795180722891566,1661462605.30013,0.874216853316626,"0.842359936919838","0.906073769713414",0.794247787610619,0.814159292035398,0.774336283185841,0.807692307692308,0.84,0.763636363636364,0.772727272727273,0.816326530612245,0.746987951807229,1661464407.56665,0.868529250528624,"0.836091959697741","0.900966541359507",0.778761061946903,0.823008849557522,0.734513274336283,0.8,0.853333333333333,0.727272727272727,0.78030303030303,0.857142857142857,0.734939759036145,1661466055.33465,1,"1","1",1,1,1,0.846153846153846,0.893333333333333,0.781818181818182,0.765151515151515,0.897959183673469,0.686746987951807,1661466123.98702,0.992423055838358,"0.985904725483933","0.998941386192784",0.971238938053097,0.97787610619469,0.964601769911504,0.907692307692308,0.96,0.836363636363636,0.765151515151515,0.877551020408163,0.698795180722892,1661466205.20648,0.791428459550474,"0.753037621387715","0.829819297713232",0.787610619469027,0.884955752212389,0.690265486725664,0.830769230769231,0.933333333333333,0.690909090909091,0.704545454545455,0.918367346938776,0.578313253012048,1661466389.25763,0.916183726211919,"0.88936867379366","0.942998778630179",0.871681415929204,0.884955752212389,0.858407079646018,0.776923076923077,0.813333333333333,0.727272727272727,0.71969696969697,0.857142857142857,0.63855421686747,1661466447.95848,0.886247944239956,"0.856148384567939","0.916347503911974",0.836283185840708,0.880530973451327,0.792035398230089,0.861538461538462,0.906666666666667,0.8,0.704545454545455,0.918367346938776,0.578313253012048
"3","fcfsSMOTE","Yes","Class ~ hsa.miR.20b.5p + hsa.miR.320b + hsa.let.7b.5p + hsa.miR.139.3p + hsa.miR.30d.5p + hsa.miR.106b.5p + hsa.miR.19b.3p + hsa.miR.1304.3p + hsa.miR.421 + hsa.miR.17.5p",1661462489.79124,0.908548046049025,"0.88151912364659","0.93557696845146",0.838495575221239,0.858407079646018,0.81858407079646,0.830769230769231,0.853333333333333,0.8,0.803030303030303,0.795918367346939,0.807228915662651,1661462666.0755,0.883252408176051,"0.85173288853919","0.914771927812912",0.570796460176991,0.146017699115044,0.995575221238938,0.461538461538462,0.08,0.981818181818182,0.666666666666667,0.102040816326531,1,1661464467.89491,0.893394157725742,"0.863245066039246","0.923543249412238",0.774336283185841,0.946902654867257,0.601769911504425,0.776923076923077,0.986666666666667,0.490909090909091,0.696969696969697,0.959183673469388,0.542168674698795,1661466057.1643,1,"1","1",1,1,1,0.830769230769231,0.88,0.763636363636364,0.765151515151515,0.877551020408163,0.698795180722892,1661466126.6156,0.99535985590101,"0.991696594294524","0.999023117507497",0.97787610619469,0.97787610619469,0.97787610619469,0.869230769230769,0.906666666666667,0.818181818181818,0.75,0.836734693877551,0.698795180722892,1661466211.09258,0.791428459550474,"0.753037621387715","0.829819297713232",0.787610619469027,0.884955752212389,0.690265486725664,0.830769230769231,0.933333333333333,0.690909090909091,0.704545454545455,0.918367346938776,0.578313253012048,1661466390.42021,0.870467538569974,"0.837866035510541","0.903069041629407",0.851769911504425,0.858407079646018,0.845132743362832,0.753846153846154,0.786666666666667,0.709090909090909,0.75,0.836734693877551,0.698795180722892,1661466455.05268,0.881069386796147,"0.850646000740544","0.91149277285175",0.811946902654867,0.792035398230089,0.831858407079646,0.784615384615385,0.773333333333333,0.8,0.712121212121212,0.877551020408163,0.614457831325301
"4","fcfs_sig","No","Class ~ hsa.miR.20b.5p + hsa.miR.19b.3p + hsa.miR.320b + hsa.let.7b.5p + hsa.miR.30d.5p + hsa.miR.139.3p + hsa.miR.106b.5p",1661462490.45274,0.895253419147224,"0.863802541363832","0.926704296930617",0.831202046035806,0.884955752212389,0.757575757575758,0.823076923076923,0.893333333333333,0.727272727272727,0.810606060606061,0.897959183673469,0.759036144578313,1661462717.1424,0.857790292303567,"0.819121187091288","0.896459397515846",0.585677749360614,0.305309734513274,0.96969696969697,0.592307692307692,0.333333333333333,0.945454545454545,0.696969696969697,0.224489795918367,0.975903614457831,1661464516.92643,0.865754894073478,"0.828847234535628","0.902662553611328",0.79539641943734,0.933628318584071,0.606060606060606,0.8,0.973333333333333,0.563636363636364,0.704545454545455,0.938775510204082,0.566265060240964,1661466059.09662,1,"1","1",1,1,1,0.846153846153846,0.933333333333333,0.727272727272727,0.727272727272727,0.877551020408163,0.63855421686747,1661466128.41586,0.99195494770716,"0.986292042904219","0.997617852510101",0.966751918158568,0.97787610619469,0.951515151515152,0.838461538461538,0.893333333333333,0.763636363636364,0.757575757575758,0.857142857142857,0.698795180722892,1661466216.93972,0.894341646554036,"0.861261080359287","0.927422212748784",0.856777493606138,0.880530973451327,0.824242424242424,0.823076923076923,0.893333333333333,0.727272727272727,0.696969696969697,0.755102040816326,0.662650602409639,1661466391.58324,0.864253150978815,"0.825962814880085","0.902543487077544",0.849104859335038,0.907079646017699,0.76969696969697,0.830769230769231,0.92,0.709090909090909,0.651515151515151,0.755102040816326,0.590361445783133,1661466461.71602,0.930517565030839,"0.90759978200712","0.953435348054559",0.851662404092072,0.933628318584071,0.739393939393939,0.815384615384615,0.893333333333333,0.709090909090909,0.590909090909091,0.755102040816326,0.493975903614458
"5","fwrap","No","Class ~ hsa.miR.1273h.3p + hsa.miR.182.5p + hsa.miR.20b.5p + hsa.miR.320b",1661462491.04993,0.838455349959775,"0.796544111955981","0.880366587963569",0.79539641943734,0.853982300884956,0.715151515151515,0.815384615384615,0.906666666666667,0.690909090909091,0.772727272727273,0.897959183673469,0.698795180722892,1661462760.03997,0.847733976937517,"0.806856136629187","0.888611817245846",0.815856777493606,0.880530973451327,0.727272727272727,0.823076923076923,0.893333333333333,0.727272727272727,0.772727272727273,0.897959183673469,0.698795180722892,1661464558.82086,0.847599892732636,"0.807047974127321","0.888151811337951",0.813299232736573,0.871681415929204,0.733333333333333,0.823076923076923,0.893333333333333,0.727272727272727,0.765151515151515,0.857142857142857,0.710843373493976,1661466060.55328,1,"1","1",1,1,1,0.815384615384615,0.92,0.672727272727273,0.757575757575758,0.918367346938776,0.662650602409639,1661466129.68921,0.879592384017163,"0.844988216950575","0.91419655108375",0.826086956521739,0.902654867256637,0.721212121212121,0.838461538461538,0.946666666666667,0.690909090909091,0.75,0.897959183673469,0.662650602409639,1661466222.11343,0.833065164923572,"0.791700671323928","0.874429658523216",0.820971867007673,0.893805309734513,0.721212121212121,0.846153846153846,0.92,0.745454545454545,0.75,0.897959183673469,0.662650602409639,1661466392.72713,0.833065164923572,"0.791700671323928","0.874429658523216",0.820971867007673,0.893805309734513,0.721212121212121,0.846153846153846,0.92,0.745454545454545,0.75,0.897959183673469,0.662650602409639,1661466468.0651,0.833065164923572,"0.791700671323928","0.874429658523216",0.820971867007673,0.893805309734513,0.721212121212121,0.853846153846154,0.933333333333333,0.745454545454545,0.734848484848485,0.897959183673469,0.63855421686747
"6","fwrapSMOTE","Yes","Class ~ hsa.miR.20b.5p + hsa.miR.421 + hsa.miR.139.3p",1661462491.59636,0.826317644294776,"0.788030945090352","0.864604343499201",0.763274336283186,0.778761061946903,0.747787610619469,0.815384615384615,0.853333333333333,0.763636363636364,0.772727272727273,0.775510204081633,0.771084337349398,1661462804.70072,0.830282324379356,"0.792438587395358","0.868126061363355",0.769911504424779,0.778761061946903,0.761061946902655,0.815384615384615,0.853333333333333,0.763636363636364,0.772727272727273,0.775510204081633,0.771084337349398,1661464602.97995,0.830341060380609,"0.792509085577313","0.868173035183906",0.778761061946903,0.743362831858407,0.814159292035398,0.807692307692308,0.826666666666667,0.781818181818182,0.772727272727273,0.755102040816326,0.783132530120482,1661466062.36348,1,"1","1",1,1,1,0.784615384615385,0.826666666666667,0.727272727272727,0.765151515151515,0.73469387755102,0.783132530120482,1661466130.87154,0.824810086929282,"0.787289515740038","0.862330658118526",0.758849557522124,0.783185840707965,0.734513274336283,0.815384615384615,0.866666666666667,0.745454545454545,0.78030303030303,0.836734693877551,0.746987951807229,1661466227.46595,0.875489466677109,"0.84296270850413","0.908016224850087",0.827433628318584,0.809734513274336,0.845132743362832,0.769230769230769,0.786666666666667,0.745454545454545,0.734848484848485,0.714285714285714,0.746987951807229,1661466393.79364,0.85481439423604,"0.820129136449482","0.889499652022598",0.805309734513274,0.800884955752212,0.809734513274336,0.792307692307692,0.813333333333333,0.763636363636364,0.742424242424242,0.73469387755102,0.746987951807229,1661466474.5388,0.852102748844859,"0.818276132100785","0.885929365588932",0.776548672566372,0.734513274336283,0.81858407079646,0.792307692307692,0.786666666666667,0.8,0.78030303030303,0.73469387755102,0.807228915662651
"7","fwrap_sig","No","Class ~ hsa.miR.19b.3p + hsa.let.7b.5p + hsa.miR.182.5p + hsa.miR.106b.5p + hsa.miR.134.5p",1661462492.15982,0.855939930276213,"0.818792280638481","0.893087579913945",0.772378516624041,0.849557522123894,0.666666666666667,0.830769230769231,0.893333333333333,0.745454545454545,0.742424242424242,0.816326530612245,0.698795180722892,1661462851.39753,0.787798337355859,"0.743004177076483","0.832592497635236",0.585677749360614,0.314159292035398,0.957575757575758,0.553846153846154,0.266666666666667,0.945454545454545,0.674242424242424,0.346938775510204,0.867469879518072,1661464648.24013,0.803298471440064,"0.759499808446109","0.84709713443402",0.734015345268542,0.97787610619469,0.4,0.692307692307692,0.973333333333333,0.309090909090909,0.5,0.938775510204082,0.240963855421687,1661466064.25631,1,"1","1",1,1,1,0.769230769230769,0.826666666666667,0.690909090909091,0.71969696969697,0.857142857142857,0.63855421686747,1661466132.13411,0.934808259587021,"0.909395006353165","0.960221512820876",0.849104859335038,0.933628318584071,0.733333333333333,0.8,0.88,0.690909090909091,0.787878787878788,0.959183673469388,0.686746987951807,1661466232.72855,0.823947438991687,"0.78186171446588","0.866033163517494",0.813299232736573,0.814159292035398,0.812121212121212,0.753846153846154,0.72,0.8,0.734848484848485,0.795918367346939,0.698795180722892,1661466394.92241,0.7532582461786,"0.709854843636924","0.796661648720276",0.767263427109974,0.960176991150443,0.503030303030303,0.738461538461539,0.96,0.436363636363636,0.568181818181818,0.979591836734694,0.325301204819277,1661466482.2339,0.812563689997318,"0.771205781150832","0.853921598843805",0.767263427109974,0.960176991150443,0.503030303030303,0.738461538461539,0.96,0.436363636363636,0.568181818181818,0.979591836734694,0.325301204819277
"8","fwrapSMOTE_sig","Yes","Class ~ hsa.miR.20b.5p + hsa.miR.19b.3p + hsa.miR.106b.5p + hsa.miR.4433a.3p + hsa.miR.500a.3p + hsa.miR.485.3p + hsa.miR.1273h.3p",1661462492.73234,0.847521340747122,"0.81127237796685","0.883770303527394",0.767699115044248,0.787610619469027,0.747787610619469,0.853846153846154,0.893333333333333,0.8,0.75,0.73469387755102,0.759036144578313,1661462909.19263,0.849694572793484,"0.814410975718907","0.884978169868062",0.75,0.588495575221239,0.911504424778761,0.715384615384615,0.613333333333333,0.854545454545454,0.696969696969697,0.612244897959184,0.746987951807229,1661464697.43505,0.87035985590101,"0.837687005692204","0.903032706109817",0.736725663716814,0.951327433628319,0.52212389380531,0.753846153846154,1,0.418181818181818,0.590909090909091,0.918367346938776,0.397590361445783,1661466066.15146,1,"1","1",1,1,1,0.807692307692308,0.893333333333333,0.690909090909091,0.696969696969697,0.795918367346939,0.63855421686747,1661466133.54833,0.984111911661054,"0.971515553066199","0.996708270255909",0.966814159292035,0.964601769911504,0.969026548672566,0.815384615384615,0.893333333333333,0.709090909090909,0.666666666666667,0.755102040816326,0.614457831325301,1661466238.10452,0.796009867648211,"0.757454951963232","0.834564783333189",0.787610619469027,0.884955752212389,0.690265486725664,0.776923076923077,0.893333333333333,0.618181818181818,0.704545454545455,0.857142857142857,0.614457831325301,1661466396.09503,0.796009867648211,"0.757454951963232","0.834564783333189",0.787610619469027,0.884955752212389,0.690265486725664,0.776923076923077,0.893333333333333,0.618181818181818,0.704545454545455,0.857142857142857,0.614457831325301,1661466489.45556,0.818554702795834,"0.780707363895303","0.856402041696364",0.758849557522124,0.783185840707965,0.734513274336283,0.815384615384615,0.866666666666667,0.745454545454545,0.78030303030303,0.836734693877551,0.746987951807229
"9","AUC_MDL","No","Class ~ hsa.miR.20b.5p + hsa.miR.19b.3p + hsa.let.7b.5p + hsa.miR.320b + hsa.miR.30d.5p + hsa.miR.139.3p + hsa.miR.17.5p + hsa.miR.182.5p + hsa.miR.421 + hsa.miR.375.3p",1661462493.36964,0.896969696969697,"0.865815284540329","0.928124109399065",0.813299232736573,0.867256637168142,0.739393939393939,0.838461538461538,0.866666666666667,0.8,0.825757575757576,0.938775510204082,0.759036144578313,1661462966.10456,0.871413247519442,"0.835921647563093","0.906904847475792",0.79539641943734,0.831858407079646,0.745454545454545,0.823076923076923,0.88,0.745454545454545,0.78030303030303,0.857142857142857,0.734939759036145,1661464742.10506,0.871815500134084,"0.83621143180318","0.907419568464988",0.734015345268542,0.610619469026549,0.903030303030303,0.753846153846154,0.613333333333333,0.945454545454545,0.810606060606061,0.612244897959184,0.927710843373494,1661466067.82423,1,"1","1",1,1,1,0.869230769230769,0.933333333333333,0.781818181818182,0.742424242424242,0.918367346938776,0.63855421686747,1661466135.41315,0.999946366318048,"0.999817751938337","1",0.994884910485934,0.995575221238938,0.993939393939394,0.853846153846154,0.92,0.763636363636364,0.734848484848485,0.897959183673469,0.63855421686747,1661466243.83298,0.89632609278627,"0.863431126246091","0.929221059326449",0.864450127877238,0.889380530973451,0.83030303030303,0.884615384615385,0.906666666666667,0.854545454545454,0.704545454545455,0.836734693877551,0.626506024096386,1661466397.28472,0.901233574684902,"0.869007117165388","0.933460032204417",0.869565217391304,0.915929203539823,0.806060606060606,0.838461538461538,0.906666666666667,0.745454545454545,0.704545454545455,0.836734693877551,0.626506024096386,1661466497.08968,0.923142933762403,"0.896532244472573","0.949753623052232",0.867007672634271,0.929203539823009,0.781818181818182,0.853846153846154,0.92,0.763636363636364,0.704545454545455,0.877551020408163,0.602409638554217
"10","SU_MDL","No","Class ~ hsa.miR.20b.5p + hsa.miR.19b.3p + hsa.let.7b.5p + hsa.miR.139.3p + hsa.miR.320b + hsa.miR.30d.5p + hsa.miR.17.5p + hsa.miR.106b.5p + hsa.miR.421 + hsa.miR.182.5p",1661462494.09967,0.897425583266291,"0.866621090602531","0.928230075930051",0.815856777493606,0.871681415929204,0.739393939393939,0.815384615384615,0.88,0.727272727272727,0.787878787878788,0.857142857142857,0.746987951807229,1661463021.2121,0.872713864306785,"0.837083869560822","0.908343859052747",0.723785166240409,0.969026548672566,0.387878787878788,0.715384615384615,1,0.327272727272727,0.553030303030303,1,0.289156626506024,1661464799.32527,0.870367390721373,"0.833457377266056","0.907277404176691",0.580562659846547,0.292035398230089,0.975757575757576,0.569230769230769,0.293333333333333,0.945454545454545,0.704545454545455,0.26530612244898,0.963855421686747,1661466069.55013,1,"1","1",1,1,1,0.830769230769231,0.92,0.709090909090909,0.742424242424242,0.897959183673469,0.650602409638554,1661466138.47934,1,"1","1",1,1,1,0.838461538461538,0.893333333333333,0.763636363636364,0.75,0.918367346938776,0.650602409638554,1661466249.58334,0.895548404397962,"0.862585585218533","0.92851122357739",0.861892583120205,0.889380530973451,0.824242424242424,0.830769230769231,0.893333333333333,0.745454545454545,0.681818181818182,0.73469387755102,0.650602409638554,1661466398.46564,0.895548404397962,"0.862585585218533","0.92851122357739",0.861892583120205,0.889380530973451,0.824242424242424,0.830769230769231,0.893333333333333,0.745454545454545,0.681818181818182,0.73469387755102,0.650602409638554,1661466505.57297,0.929672834540091,"0.905296682079528","0.954048987000654",0.861892583120205,0.915929203539823,0.787878787878788,0.838461538461538,0.906666666666667,0.745454545454545,0.636363636363636,0.775510204081633,0.55421686746988
"11","sigtop","No","Class ~ hsa.miR.20b.5p + hsa.miR.19b.3p + hsa.let.7b.5p + hsa.miR.320b + hsa.miR.30d.5p + hsa.miR.17.5p + hsa.miR.139.3p + hsa.miR.182.5p + hsa.miR.106b.5p + hsa.miR.375.3p",1661462494.77388,0.902547599892733,"0.872014412336093","0.933080787449373",0.828644501278772,0.871681415929204,0.76969696969697,0.823076923076923,0.866666666666667,0.763636363636364,0.795454545454545,0.877551020408163,0.746987951807229,1661463075.66023,0.873773129525342,"0.838336713909997","0.909209545140687",0.79539641943734,0.902654867256637,0.648484848484848,0.807692307692308,0.946666666666667,0.618181818181818,0.734848484848485,0.938775510204082,0.614457831325301,1661464855.36271,0.871922767497989,"0.835860136899662","0.907985398096316",0.741687979539642,0.632743362831858,0.890909090909091,0.761538461538461,0.64,0.927272727272727,0.787878787878788,0.591836734693878,0.903614457831325,1661466071.43757,1,"1","1",1,1,1,0.846153846153846,0.933333333333333,0.727272727272727,0.75,0.918367346938776,0.650602409638554,1661466140.78412,0.999892732636095,"0.999683025508146","1",0.994884910485934,0.995575221238938,0.993939393939394,0.861538461538462,0.893333333333333,0.818181818181818,0.772727272727273,0.897959183673469,0.698795180722892,1661466255.35235,0.899812282113167,"0.867447894058855","0.932176670167479",0.864450127877238,0.907079646017699,0.806060606060606,0.830769230769231,0.906666666666667,0.727272727272727,0.71969696969697,0.857142857142857,0.63855421686747,1661466399.54691,0.868758380262805,"0.830892705663124","0.906624054862486",0.856777493606138,0.933628318584071,0.751515151515151,0.838461538461538,0.933333333333333,0.709090909090909,0.674242424242424,0.857142857142857,0.566265060240964,1661466512.46494,0.925770984178064,"0.8997407104981","0.951801257858028",0.869565217391304,0.946902654867257,0.763636363636364,0.853846153846154,0.933333333333333,0.745454545454545,0.659090909090909,0.877551020408163,0.530120481927711
"12","topFC","No","Class ~ hsa.miR.20b.5p + hsa.miR.375.3p + hsa.miR.106b.5p + hsa.miR.19b.3p + hsa.miR.134.5p + hsa.miR.17.5p + hsa.miR.320b + hsa.miR.139.3p + hsa.miR.4433a.3p + hsa.miR.4433b.5p",1661462495.42152,0.85610083132207,"0.816848673554823","0.895352989089317",0.81074168797954,0.853982300884956,0.751515151515151,0.830769230769231,0.906666666666667,0.727272727272727,0.772727272727273,0.897959183673469,0.698795180722892,1661463135.0525,0.85575221238938,"0.817354968380382","0.894149456398379",0.762148337595908,0.960176991150443,0.490909090909091,0.769230769230769,1,0.454545454545455,0.651515151515151,0.959183673469388,0.469879518072289,1661464915.16115,0.872593188522392,"0.835993256945497","0.909193120099287",0.80306905370844,0.911504424778761,0.654545454545455,0.8,0.946666666666667,0.6,0.712121212121212,0.938775510204082,0.578313253012048,1661466073.03387,1,"1","1",1,1,1,0.846153846153846,0.946666666666667,0.709090909090909,0.757575757575758,0.918367346938776,0.662650602409639,1661466142.49682,0.999785465272191,"0.999407996844945","1",0.989769820971867,0.991150442477876,0.987878787878788,0.846153846153846,0.906666666666667,0.763636363636364,0.727272727272727,0.938775510204082,0.602409638554217,1661466261.14107,0.930370072405471,"0.904448081832008","0.956292062978934",0.874680306905371,0.858407079646018,0.896969696969697,0.776923076923077,0.773333333333333,0.781818181818182,0.689393939393939,0.755102040816326,0.650602409638554,1661466400.75987,0.845521587556986,"0.806090709137579","0.884952465976393",0.800511508951407,0.831858407079646,0.757575757575758,0.807692307692308,0.84,0.763636363636364,0.727272727272727,0.775510204081633,0.698795180722892,1661466520.84763,0.852239206221507,"0.81414111274082","0.890337299702194",0.797953964194373,0.876106194690266,0.690909090909091,0.853846153846154,0.96,0.709090909090909,0.643939393939394,0.877551020408163,0.506024096385542
"13","sigtopSMOTE","Yes","Class ~ hsa.miR.20b.5p + hsa.miR.19b.3p + hsa.let.7b.5p + hsa.miR.320b + hsa.miR.17.5p + hsa.miR.30d.5p + hsa.miR.139.3p + hsa.miR.182.5p + hsa.miR.106b.5p + hsa.miR.375.3p",1661462496.0641,0.906727230010181,"0.878722004712179","0.934732455308183",0.829646017699115,0.849557522123894,0.809734513274336,0.838461538461538,0.866666666666667,0.8,0.803030303030303,0.857142857142857,0.771084337349398,1661463196.81273,0.86895998120448,"0.83592851218867","0.901991450220289",0.789823008849557,0.845132743362832,0.734513274336283,0.807692307692308,0.866666666666667,0.727272727272727,0.757575757575758,0.836734693877551,0.710843373493976,1661464975.75565,0.879199624089592,"0.847436143032766","0.910963105146418",0.79646017699115,0.707964601769911,0.884955752212389,0.784615384615385,0.693333333333333,0.909090909090909,0.78030303030303,0.714285714285714,0.819277108433735,1661466075.12167,1,"1","1",1,1,1,0.884615384615385,0.906666666666667,0.854545454545454,0.757575757575758,0.918367346938776,0.662650602409639,1661466145.20905,0.999921685331663,"0.999750302869511","1",0.995575221238938,0.995575221238938,0.995575221238938,0.884615384615385,0.893333333333333,0.872727272727273,0.757575757575758,0.857142857142857,0.698795180722892,1661466266.85259,0.791428459550474,"0.753037621387715","0.829819297713232",0.787610619469027,0.884955752212389,0.690265486725664,0.830769230769231,0.933333333333333,0.690909090909091,0.704545454545455,0.918367346938776,0.578313253012048,1661466401.91623,0.917936016915968,"0.891236271766805","0.944635762065131",0.878318584070796,0.876106194690266,0.880530973451327,0.784615384615385,0.813333333333333,0.745454545454545,0.71969696969697,0.816326530612245,0.662650602409639,1661466527.29843,0.886247944239956,"0.856148384567939","0.916347503911974",0.836283185840708,0.880530973451327,0.792035398230089,0.861538461538462,0.906666666666667,0.8,0.704545454545455,0.918367346938776,0.578313253012048
"14","topFCSMOTE","Yes","Class ~ hsa.miR.20b.5p + hsa.miR.106b.5p + hsa.miR.375.3p + hsa.miR.19b.3p + hsa.miR.134.5p + hsa.miR.17.5p + hsa.miR.320b + hsa.miR.139.3p + hsa.miR.493.5p + hsa.miR.182.5p",1661462496.74624,0.858583287649777,"0.82363112776025","0.893535447539304",0.789823008849557,0.800884955752212,0.778761061946903,0.846153846153846,0.893333333333333,0.781818181818182,0.803030303030303,0.857142857142857,0.771084337349398,1661463264.78942,0.883722296186076,"0.853203781636766","0.914240810735385",0.798672566371681,0.814159292035398,0.783185840707965,0.815384615384615,0.826666666666667,0.8,0.795454545454545,0.857142857142857,0.759036144578313,1661465039.09043,0.885523533557835,"0.855039359010864","0.916007708104807",0.798672566371681,0.889380530973451,0.707964601769911,0.838461538461538,0.946666666666667,0.690909090909091,0.727272727272727,0.877551020408163,0.63855421686747,1661466077.16516,1,"1","1",1,1,1,0.830769230769231,0.853333333333333,0.8,0.742424242424242,0.857142857142857,0.674698795180723,1661466147.08534,0.999706319993735,"0.99928501092305","1",0.988938053097345,0.995575221238938,0.982300884955752,0.861538461538462,0.906666666666667,0.8,0.757575757575758,0.918367346938776,0.662650602409639,1661466272.45057,0.888724645626126,"0.857957762277779","0.919491528974472",0.856194690265487,0.84070796460177,0.871681415929204,0.861538461538462,0.853333333333333,0.872727272727273,0.689393939393939,0.714285714285714,0.674698795180723,1661466403.12428,0.891729971023573,"0.861094319546516","0.92236562250063",0.867256637168142,0.867256637168142,0.867256637168142,0.861538461538462,0.88,0.836363636363636,0.689393939393939,0.714285714285714,0.674698795180723,1661466535.32687,0.874696530660193,"0.843552561530837","0.905840499789548",0.792035398230089,0.827433628318584,0.756637168141593,0.830769230769231,0.826666666666667,0.836363636363636,0.696969696969697,0.795918367346939,0.63855421686747
"15","AUC_MDLSMOTE","Yes","Class ~ hsa.miR.20b.5p + hsa.miR.19b.3p + hsa.let.7b.5p + hsa.miR.320b + hsa.miR.139.3p + hsa.miR.30d.5p + hsa.miR.17.5p + hsa.miR.182.5p + hsa.miR.421 + hsa.miR.375.3p",1661462497.43047,0.901206045892396,"0.872444943182963","0.929967148601829",0.823008849557522,0.845132743362832,0.800884955752212,0.846153846153846,0.853333333333333,0.836363636363636,0.856060606060606,0.938775510204082,0.807228915662651,1661463325.06085,0.878436056073303,"0.847111087775112","0.909761024371493",0.780973451327434,0.70353982300885,0.858407079646018,0.784615384615385,0.706666666666667,0.890909090909091,0.803030303030303,0.673469387755102,0.879518072289157,1661465098.29879,0.88045265878299,"0.849353893023064","0.911551424542916",0.787610619469027,0.730088495575221,0.845132743362832,0.792307692307692,0.746666666666667,0.854545454545454,0.833333333333333,0.775510204081633,0.867469879518072,1661466078.85858,1,"1","1",1,1,1,0.838461538461538,0.893333333333333,0.763636363636364,0.742424242424242,0.897959183673469,0.650602409638554,1661466149.76921,1,"1","1",1,1,1,0.884615384615385,0.92,0.836363636363636,0.742424242424242,0.836734693877551,0.686746987951807,1661466278.29706,0.791428459550474,"0.753037621387715","0.829819297713232",0.787610619469027,0.884955752212389,0.690265486725664,0.830769230769231,0.933333333333333,0.690909090909091,0.704545454545455,0.918367346938776,0.578313253012048,1661466404.29739,0.863898895763176,"0.830496485667841","0.897301305858512",0.838495575221239,0.86283185840708,0.814159292035398,0.776923076923077,0.826666666666667,0.709090909090909,0.696969696969697,0.857142857142857,0.602409638554217,1661466544.30435,0.886247944239956,"0.856148384567939","0.916347503911974",0.836283185840708,0.880530973451327,0.792035398230089,0.861538461538462,0.906666666666667,0.8,0.704545454545455,0.918367346938776,0.578313253012048
"16","SU_MDLSMOTE","Yes","Class ~ hsa.miR.20b.5p + hsa.miR.19b.3p + hsa.let.7b.5p + hsa.miR.320b + hsa.miR.139.3p + hsa.miR.106b.5p + hsa.miR.17.5p + hsa.miR.30d.5p + hsa.miR.421 + hsa.miR.182.5p",1661462498.09683,0.903379277938758,"0.875553169802337","0.931205386075178",0.81858407079646,0.849557522123894,0.787610619469027,0.838461538461538,0.866666666666667,0.8,0.803030303030303,0.857142857142857,0.771084337349398,1661463385.24534,0.873335813297831,"0.841015127213232","0.90565649938243",0.688053097345133,0.969026548672566,0.407079646017699,0.723076923076923,1,0.345454545454545,0.583333333333333,0.979591836734694,0.349397590361446,1661465158.51953,0.872513509280288,"0.839770796794911","0.905256221765665",0.672566371681416,0.964601769911504,0.380530973451327,0.723076923076923,1,0.345454545454545,0.560606060606061,1,0.301204819277108,1661466080.81716,1,"1","1",1,1,1,0.823076923076923,0.88,0.745454545454545,0.727272727272727,0.877551020408163,0.63855421686747,1661466152.72664,1,"1","1",1,1,1,0.830769230769231,0.893333333333333,0.745454545454545,0.803030303030303,0.918367346938776,0.734939759036145,1661466283.87743,0.791428459550474,"0.753037621387715","0.829819297713232",0.787610619469027,0.884955752212389,0.690265486725664,0.830769230769231,0.933333333333333,0.690909090909091,0.704545454545455,0.918367346938776,0.578313253012048,1661466405.50664,0.864868039783852,"0.831490079843596","0.898245999724107",0.845132743362832,0.853982300884956,0.836283185840708,0.784615384615385,0.826666666666667,0.727272727272727,0.696969696969697,0.816326530612245,0.626506024096386,1661466552.02081,0.881069386796147,"0.850646000740544","0.91149277285175",0.811946902654867,0.792035398230089,0.831858407079646,0.784615384615385,0.773333333333333,0.8,0.712121212121212,0.877551020408163,0.614457831325301
"17","fcsig","No","Class ~ hsa.miR.20b.5p + hsa.miR.106b.5p + hsa.miR.375.3p",1661462498.76833,0.837382676320729,"0.796869964086352","0.877895388555107",0.772378516624041,0.831858407079646,0.690909090909091,0.823076923076923,0.88,0.745454545454545,0.787878787878788,0.877551020408163,0.734939759036145,1661463427.79066,0.857414856529901,"0.819406286185222","0.895423426874579",0.698209718670077,0.557522123893805,0.890909090909091,0.753846153846154,0.613333333333333,0.945454545454545,0.734848484848485,0.530612244897959,0.855421686746988,1661465201.26885,0.859868597479217,"0.821803046173274","0.89793414878516",0.764705882352941,0.699115044247788,0.854545454545454,0.792307692307692,0.706666666666667,0.909090909090909,0.765151515151515,0.714285714285714,0.795180722891566,1661466082.44731,1,"1","1",1,1,1,0.8,0.88,0.690909090909091,0.734848484848485,0.857142857142857,0.662650602409639,1661466154.3358,0.898551890587289,"0.866953982978584","0.930149798195994",0.849104859335038,0.911504424778761,0.763636363636364,0.807692307692308,0.906666666666667,0.672727272727273,0.71969696969697,0.857142857142857,0.63855421686747,1661466289.0273,0.905926521855725,"0.875916709905021","0.93593633380643",0.841432225063939,0.911504424778761,0.745454545454545,0.792307692307692,0.866666666666667,0.690909090909091,0.704545454545455,0.857142857142857,0.614457831325301,1661466406.64881,0.827849289353714,"0.786286506145694","0.869412072561734",0.81074168797954,0.858407079646018,0.745454545454545,0.761538461538461,0.826666666666667,0.672727272727273,0.742424242424242,0.816326530612245,0.698795180722892,1661466558.88612,0.830249396621078,"0.791562338555594","0.868936454686562",0.764705882352941,0.889380530973451,0.593939393939394,0.761538461538461,0.906666666666667,0.563636363636364,0.734848484848485,0.959183673469388,0.602409638554217
"18","fcsigSMOTE","Yes","Class ~ hsa.miR.20b.5p + hsa.miR.106b.5p",1661462499.31514,0.826043542955596,"0.787489095857946","0.864597990053246",0.758849557522124,0.765486725663717,0.752212389380531,0.838461538461538,0.853333333333333,0.818181818181818,0.772727272727273,0.755102040816326,0.783132530120482,1661463472.06661,0.742481791839612,"0.697751737496777","0.787211846182447",0.661504424778761,0.358407079646018,0.964601769911504,0.546153846153846,0.293333333333333,0.890909090909091,0.636363636363636,0.204081632653061,0.891566265060241,1661465244.00219,0.848823322108231,"0.812057694787108","0.885588949429354",0.774336283185841,0.880530973451327,0.668141592920354,0.784615384615385,0.906666666666667,0.618181818181818,0.742424242424242,0.918367346938776,0.63855421686747,1661466083.83575,1,"1","1",1,1,1,0.753846153846154,0.773333333333333,0.727272727272727,0.689393939393939,0.73469387755102,0.662650602409639,1661466155.46571,0.824810086929282,"0.787289515740038","0.862330658118526",0.758849557522124,0.783185840707965,0.734513274336283,0.815384615384615,0.866666666666667,0.745454545454545,0.78030303030303,0.836734693877551,0.746987951807229,1661466293.85411,0.86071736236197,"0.826834030765443","0.894600693958498",0.809734513274336,0.849557522123894,0.769911504424779,0.761538461538461,0.813333333333333,0.690909090909091,0.742424242424242,0.877551020408163,0.662650602409639,1661466407.70133,0.867100007831467,"0.83374594875771","0.900454066905224",0.820796460176991,0.876106194690266,0.765486725663717,0.753846153846154,0.813333333333333,0.672727272727273,0.71969696969697,0.877551020408163,0.626506024096386,1661466567.34007,0.855499647583992,"0.822600260410233","0.888399034757752",0.776548672566372,0.871681415929204,0.68141592920354,0.784615384615385,0.906666666666667,0.618181818181818,0.742424242424242,0.897959183673469,0.650602409638554
"19","RandomForestRFE","No","Class ~ hsa.miR.320b + hsa.let.7b.5p + hsa.miR.20b.5p + hsa.miR.30d.5p + hsa.miR.19b.3p + hsa.miR.139.3p + hsa.miR.375.3p + hsa.miR.17.5p + hsa.miR.1304.3p + hsa.miR.106b.5p",1661462499.9044,0.908205953338697,"0.87923244397124","0.937179462706153",0.838874680306905,0.880530973451327,0.781818181818182,0.830769230769231,0.88,0.763636363636364,0.803030303030303,0.857142857142857,0.771084337349398,1661463529.88198,0.888401716277822,"0.855487200663325","0.92131623189232",0.749360613810742,0.964601769911504,0.454545454545455,0.746153846153846,1,0.4,0.659090909090909,0.979591836734694,0.469879518072289,1661465300.86526,0.888468758380263,"0.85484744036697","0.922090076393555",0.726342710997442,0.575221238938053,0.933333333333333,0.730769230769231,0.573333333333333,0.945454545454545,0.75,0.510204081632653,0.891566265060241,1661466085.79472,1,"1","1",1,1,1,0.853846153846154,0.92,0.763636363636364,0.75,0.918367346938776,0.650602409638554,1661466157.97191,1,"1","1",1,1,1,0.853846153846154,0.906666666666667,0.781818181818182,0.772727272727273,0.938775510204082,0.674698795180723,1661466300.00457,0.916344864574953,"0.886928821247802","0.945760907902104",0.879795396419437,0.898230088495575,0.854545454545454,0.823076923076923,0.893333333333333,0.727272727272727,0.71969696969697,0.836734693877551,0.650602409638554,1661466408.833,0.892290158219362,"0.859123017331995","0.925457299106728",0.872122762148338,0.924778761061947,0.8,0.830769230769231,0.92,0.709090909090909,0.674242424242424,0.836734693877551,0.578313253012048,1661466575.50526,0.954411370340574,"0.936863065372894","0.971959675308254",0.882352941176471,0.942477876106195,0.8,0.838461538461538,0.906666666666667,0.745454545454545,0.659090909090909,0.877551020408163,0.530120481927711
"20","RandomForestRFE_sig","No","Class ~ hsa.miR.320b + hsa.let.7b.5p + hsa.miR.20b.5p + hsa.miR.30d.5p + hsa.miR.19b.3p + hsa.miR.139.3p + hsa.miR.375.3p + hsa.miR.17.5p + hsa.miR.106b.5p + hsa.miR.1304.3p",1661462500.56198,0.908205953338697,"0.87923244397124","0.937179462706153",0.838874680306905,0.880530973451327,0.781818181818182,0.830769230769231,0.88,0.763636363636364,0.803030303030303,0.857142857142857,0.771084337349398,1661463590.17186,0.883775811209439,"0.849653165351742","0.917898457067137",0.81074168797954,0.845132743362832,0.763636363636364,0.823076923076923,0.88,0.745454545454545,0.772727272727273,0.877551020408163,0.710843373493976,1661465355.45305,0.795038884419415,"0.750949529188786","0.839128239650045",0.583120204603581,0.991150442477876,0.0242424242424242,0.576923076923077,1,0,0.378787878787879,1,0.0120481927710843,1661466087.65714,1,"1","1",1,1,1,0.861538461538462,0.933333333333333,0.763636363636364,0.757575757575758,0.918367346938776,0.662650602409639,1661466160.63635,1,"1","1",1,1,1,0.853846153846154,0.906666666666667,0.781818181818182,0.772727272727273,0.938775510204082,0.674698795180723,1661466305.56603,0.916344864574953,"0.886928821247802","0.945760907902104",0.879795396419437,0.898230088495575,0.854545454545454,0.823076923076923,0.893333333333333,0.727272727272727,0.71969696969697,0.836734693877551,0.650602409638554,1661466410.069,0.892290158219362,"0.859123017331995","0.925457299106728",0.872122762148338,0.924778761061947,0.8,0.830769230769231,0.92,0.709090909090909,0.674242424242424,0.836734693877551,0.578313253012048,1661466582.94934,0.954411370340574,"0.936863065372894","0.971959675308254",0.882352941176471,0.942477876106195,0.8,0.838461538461538,0.906666666666667,0.745454545454545,0.659090909090909,0.877551020408163,0.530120481927711
"21","RandomForestRFESMOTE_sig","Yes","Class ~ hsa.miR.320b + hsa.let.7b.5p + hsa.miR.30d.5p + hsa.miR.20b.5p + hsa.miR.19b.3p + hsa.miR.139.3p + hsa.miR.375.3p + hsa.miR.1304.3p + hsa.miR.106b.5p",1661462501.2037,0.910310126086616,"0.882951468741942","0.93766878343129",0.825221238938053,0.84070796460177,0.809734513274336,0.853846153846154,0.853333333333333,0.854545454545454,0.818181818181818,0.857142857142857,0.795180722891566,1661463651.39743,0.885484376223667,"0.854258274060356","0.916710478386978",0.805309734513274,0.814159292035398,0.79646017699115,0.8,0.826666666666667,0.763636363636364,0.787878787878788,0.857142857142857,0.746987951807229,1661465413.36596,0.866062338475997,"0.832751029672635","0.899373647279358",0.745575221238938,0.526548672566372,0.964601769911504,0.707692307692308,0.533333333333333,0.945454545454545,0.734848484848485,0.510204081632653,0.867469879518072,1661466089.46937,1,"1","1",1,1,1,0.884615384615385,0.906666666666667,0.854545454545454,0.757575757575758,0.897959183673469,0.674698795180723,1661466163.44172,1,"1","1",1,1,1,0.884615384615385,0.88,0.890909090909091,0.78030303030303,0.897959183673469,0.710843373493976,1661466311.07567,0.841011433941577,"0.804970191012991","0.877052676870163",0.823008849557522,0.86283185840708,0.783185840707965,0.853846153846154,0.92,0.763636363636364,0.704545454545455,0.897959183673469,0.590361445783133,1661466411.31746,0.865455399796382,"0.831905653516603","0.899005146076161",0.849557522123894,0.889380530973451,0.809734513274336,0.830769230769231,0.893333333333333,0.745454545454545,0.742424242424242,0.877551020408163,0.662650602409639,1661466592.19733,0.886247944239956,"0.856148384567939","0.916347503911974",0.836283185840708,0.880530973451327,0.792035398230089,0.861538461538462,0.906666666666667,0.8,0.704545454545455,0.918367346938776,0.578313253012048
"22","cfs","No","Class ~ hsa.miR.19b.3p + hsa.let.7b.5p + hsa.miR.106b.5p + hsa.miR.30d.5p + hsa.miR.20b.5p + hsa.miR.320b + hsa.miR.139.3p",1661462501.84892,0.895253419147224,"0.863802541363832","0.926704296930617",0.831202046035806,0.884955752212389,0.757575757575758,0.823076923076923,0.893333333333333,0.727272727272727,0.810606060606061,0.897959183673469,0.759036144578313,1661463700.50699,0.876588897827836,"0.840336072713512","0.912841722942159",0.744245524296675,0.960176991150443,0.448484848484848,0.738461538461539,1,0.381818181818182,0.598484848484849,0.959183673469388,0.385542168674699,1661465461.59002,0.870394207562349,"0.833884078950002","0.906904336174696",0.746803069053708,0.964601769911504,0.448484848484848,0.738461538461539,1,0.381818181818182,0.636363636363636,0.959183673469388,0.44578313253012,1661466091.3242,1,"1","1",1,1,1,0.838461538461538,0.92,0.727272727272727,0.742424242424242,0.897959183673469,0.650602409638554,1661466165.39195,0.99195494770716,"0.986292042904219","0.997617852510101",0.966751918158568,0.97787610619469,0.951515151515152,0.838461538461538,0.893333333333333,0.763636363636364,0.757575757575758,0.857142857142857,0.698795180722892,1661466316.43979,0.894341646554036,"0.861261080359287","0.927422212748784",0.856777493606138,0.880530973451327,0.824242424242424,0.823076923076923,0.893333333333333,0.727272727272727,0.696969696969697,0.755102040816326,0.662650602409639,1661466412.54901,0.864253150978815,"0.825962814880085","0.902543487077544",0.849104859335038,0.907079646017699,0.76969696969697,0.830769230769231,0.92,0.709090909090909,0.651515151515151,0.755102040816326,0.590361445783133,1661466600.26671,0.930517565030839,"0.90759978200712","0.953435348054559",0.851662404092072,0.933628318584071,0.739393939393939,0.815384615384615,0.893333333333333,0.709090909090909,0.590909090909091,0.755102040816326,0.493975903614458
"23","cfsSMOTE","Yes","Class ~ hsa.miR.19b.3p + hsa.let.7b.5p + hsa.miR.106b.5p + hsa.miR.17.5p + hsa.miR.1304.3p + hsa.miR.30d.5p + hsa.miR.20b.5p + hsa.miR.421 + hsa.miR.320b + hsa.miR.139.3p",1661462502.44891,0.908548046049025,"0.88151912364659","0.93557696845146",0.838495575221239,0.858407079646018,0.81858407079646,0.830769230769231,0.853333333333333,0.8,0.803030303030303,0.795918367346939,0.807228915662651,1661463761.9236,0.88896937896468,"0.858130708939502","0.919808048989858",0.792035398230089,0.938053097345133,0.646017699115044,0.776923076923077,0.96,0.527272727272727,0.712121212121212,0.918367346938776,0.590361445783133,1661465523.52937,0.894519931083092,"0.864357360823626","0.924682501342557",0.654867256637168,0.973451327433628,0.336283185840708,0.707692307692308,1,0.309090909090909,0.575757575757576,1,0.325301204819277,1661466093.30466,1,"1","1",1,1,1,0.815384615384615,0.866666666666667,0.745454545454545,0.742424242424242,0.857142857142857,0.674698795180723,1661466168.05932,0.99535985590101,"0.991696594294524","0.999023117507497",0.97787610619469,0.97787610619469,0.97787610619469,0.869230769230769,0.906666666666667,0.818181818181818,0.75,0.836734693877551,0.698795180722892,1661466322.15039,0.791428459550474,"0.753037621387715","0.829819297713232",0.787610619469027,0.884955752212389,0.690265486725664,0.830769230769231,0.933333333333333,0.690909090909091,0.704545454545455,0.918367346938776,0.578313253012048,1661466413.66554,0.870467538569974,"0.837866035510541","0.903069041629407",0.851769911504425,0.858407079646018,0.845132743362832,0.753846153846154,0.786666666666667,0.709090909090909,0.75,0.836734693877551,0.698795180722892,1661466608.74163,0.881069386796147,"0.850646000740544","0.91149277285175",0.811946902654867,0.792035398230089,0.831858407079646,0.784615384615385,0.773333333333333,0.8,0.712121212121212,0.877551020408163,0.614457831325301
"24","cfs_sig","No","Class ~ hsa.miR.20b.5p + hsa.miR.19b.3p + hsa.let.7b.5p + hsa.miR.320b + hsa.miR.30d.5p + hsa.miR.139.3p + hsa.miR.106b.5p",1661462503.1103,0.895253419147224,"0.863802541363832","0.926704296930617",0.831202046035806,0.884955752212389,0.757575757575758,0.823076923076923,0.893333333333333,0.727272727272727,0.810606060606061,0.897959183673469,0.759036144578313,1661463810.76808,0.869562885492089,"0.832726413035285","0.906399357948893",0.757033248081841,0.712389380530973,0.818181818181818,0.784615384615385,0.733333333333333,0.854545454545454,0.787878787878788,0.73469387755102,0.819277108433735,1661465571.86609,0.865701260391526,"0.827544032096831","0.903858488686221",0.813299232736573,0.924778761061947,0.660606060606061,0.838461538461538,0.973333333333333,0.654545454545455,0.727272727272727,0.918367346938776,0.614457831325301,1661466094.86359,1,"1","1",1,1,1,0.830769230769231,0.906666666666667,0.727272727272727,0.727272727272727,0.877551020408163,0.63855421686747,1661466169.54817,0.99195494770716,"0.986292042904219","0.997617852510101",0.966751918158568,0.97787610619469,0.951515151515152,0.838461538461538,0.893333333333333,0.763636363636364,0.757575757575758,0.857142857142857,0.698795180722892,1661466327.50168,0.894341646554036,"0.861261080359287","0.927422212748784",0.856777493606138,0.880530973451327,0.824242424242424,0.823076923076923,0.893333333333333,0.727272727272727,0.696969696969697,0.755102040816326,0.662650602409639,1661466414.79605,0.864253150978815,"0.825962814880085","0.902543487077544",0.849104859335038,0.907079646017699,0.76969696969697,0.830769230769231,0.92,0.709090909090909,0.651515151515151,0.755102040816326,0.590361445783133,1661466616.56575,0.930517565030839,"0.90759978200712","0.953435348054559",0.851662404092072,0.933628318584071,0.739393939393939,0.815384615384615,0.893333333333333,0.709090909090909,0.590909090909091,0.755102040816326,0.493975903614458
"25","cfsSMOTE_sig","Yes","Class ~ hsa.miR.20b.5p + hsa.miR.19b.3p + hsa.let.7b.5p + hsa.miR.320b + hsa.miR.30d.5p + hsa.miR.17.5p + hsa.miR.139.3p + hsa.miR.106b.5p + hsa.miR.421 + hsa.miR.1304.3p",1661462503.71994,0.908548046049025,"0.88151912364659","0.93557696845146",0.838495575221239,0.858407079646018,0.81858407079646,0.830769230769231,0.853333333333333,0.8,0.803030303030303,0.795918367346939,0.807228915662651,1661463870.7673,0.893394157725742,"0.862878473127717","0.923909842323767",0.683628318584071,0.398230088495575,0.969026548672566,0.623076923076923,0.4,0.927272727272727,0.71969696969697,0.36734693877551,0.927710843373494,1661465630.82322,0.848284908763411,"0.812982106403971","0.883587711122852",0.630530973451327,0.97787610619469,0.283185840707965,0.692307692307692,1,0.272727272727273,0.545454545454545,1,0.27710843373494,1661466096.7983,1,"1","1",1,1,1,0.815384615384615,0.866666666666667,0.745454545454545,0.71969696969697,0.836734693877551,0.650602409638554,1661466172.13379,0.99535985590101,"0.991696594294524","0.999023117507497",0.97787610619469,0.97787610619469,0.97787610619469,0.869230769230769,0.906666666666667,0.818181818181818,0.75,0.836734693877551,0.698795180722892,1661466333.4383,0.791428459550474,"0.753037621387715","0.829819297713232",0.787610619469027,0.884955752212389,0.690265486725664,0.830769230769231,0.933333333333333,0.690909090909091,0.704545454545455,0.918367346938776,0.578313253012048,1661466415.96533,0.870467538569974,"0.837866035510541","0.903069041629407",0.851769911504425,0.858407079646018,0.845132743362832,0.753846153846154,0.786666666666667,0.709090909090909,0.75,0.836734693877551,0.698795180722892,1661466624.64723,0.881069386796147,"0.850646000740544","0.91149277285175",0.811946902654867,0.792035398230089,0.831858407079646,0.784615384615385,0.773333333333333,0.8,0.712121212121212,0.877551020408163,0.614457831325301
"26","SimulatedAnnealingRF","No","Class ~ hsa.miR.19b.3p + hsa.miR.134.5p + hsa.miR.182.5p + hsa.miR.20b.5p + hsa.miR.421 + hsa.miR.375.3p",1661462504.37298,0.837436310002682,"0.79745188959673","0.877420730408633",0.774936061381074,0.831858407079646,0.696969696969697,0.823076923076923,0.893333333333333,0.727272727272727,0.757575757575758,0.959183673469388,0.63855421686747,1661463920.72641,0.847211048538482,"0.80898732708848","0.885434769988485",0.774936061381074,0.858407079646018,0.660606060606061,0.807692307692308,0.906666666666667,0.672727272727273,0.727272727272727,0.938775510204082,0.602409638554217,1661465680.71898,0.626065969428801,"0.56878689545531","0.683345043402292",0.421994884910486,0,1,0.423076923076923,0,1,0.628787878787879,0,1,1661466098.48608,1,"1","1",1,1,1,0.807692307692308,0.893333333333333,0.690909090909091,0.727272727272727,0.877551020408163,0.63855421686747,1661466173.52682,0.870984178063824,"0.835852987592564","0.906115368535084",0.797953964194373,0.831858407079646,0.751515151515151,0.846153846153846,0.88,0.8,0.765151515151515,0.877551020408163,0.698795180722892,1661466338.93741,0.893510324483776,"0.861443868013432","0.92557678095412",0.838874680306905,0.871681415929204,0.793939393939394,0.784615384615385,0.866666666666667,0.672727272727273,0.742424242424242,0.755102040816326,0.734939759036145,1661466417.1074,0.809882005899705,"0.767591861543982","0.852172150255428",0.777493606138107,0.756637168141593,0.806060606060606,0.8,0.8,0.8,0.787878787878788,0.73469387755102,0.819277108433735,1661466632.79104,0.882555644945025,"0.849402937798732","0.915708352091319",0.818414322250639,0.769911504424779,0.884848484848485,0.807692307692308,0.773333333333333,0.854545454545454,0.727272727272727,0.714285714285714,0.734939759036145
"27","SimulatedAnnealingRFSMOTE","Yes","Class ~ hsa.miR.485.3p + hsa.let.7b.5p + hsa.miR.134.5p + hsa.miR.1304.3p + hsa.miR.4433b.5p + hsa.miR.139.3p",1661462504.96691,0.845641788707025,"0.810401312188043","0.880882265226007",0.738938053097345,0.752212389380531,0.725663716814159,0.784615384615385,0.853333333333333,0.690909090909091,0.772727272727273,0.857142857142857,0.72289156626506,1661463975.37813,0.863243010415851,"0.828780913772546","0.897705107059156",0.785398230088496,0.716814159292035,0.853982300884956,0.746153846153846,0.72,0.781818181818182,0.734848484848485,0.693877551020408,0.759036144578313,1661465733.32207,0.852102748844859,"0.816820736861599","0.887384760828118",0.685840707964602,0.393805309734513,0.97787610619469,0.638461538461538,0.386666666666667,0.981818181818182,0.696969696969697,0.326530612244898,0.91566265060241,1661466100.13351,1,"1","1",1,1,1,0.746153846153846,0.8,0.672727272727273,0.757575757575758,0.73469387755102,0.771084337349398,1661466174.87651,0.911298848774375,"0.885221379378503","0.937376318170247",0.851769911504425,0.814159292035398,0.889380530973451,0.730769230769231,0.733333333333333,0.727272727272727,0.78030303030303,0.775510204081633,0.783132530120482,1661466344.66205,0.864505834442791,"0.831829823966561","0.897181844919021",0.84070796460177,0.81858407079646,0.86283185840708,0.684615384615385,0.653333333333333,0.727272727272727,0.772727272727273,0.775510204081633,0.771084337349398,1661466418.21911,0.864505834442791,"0.831829823966561","0.897181844919021",0.84070796460177,0.81858407079646,0.86283185840708,0.684615384615385,0.653333333333333,0.727272727272727,0.772727272727273,0.775510204081633,0.771084337349398,1661466641.13166,0.930711097188503,"0.908645558101847","0.95277663627516",0.853982300884956,0.827433628318584,0.880530973451327,0.723076923076923,0.706666666666667,0.745454545454545,0.71969696969697,0.714285714285714,0.72289156626506
"28","SimulatedAnnealingRF_sig","No","Class ~ hsa.miR.182.5p + hsa.miR.106b.5p + hsa.miR.421 + hsa.miR.134.5p + hsa.miR.4433a.3p + hsa.miR.4433b.5p + hsa.miR.485.3p + hsa.miR.1304.3p",1661462505.58176,0.774148565299008,"0.727717492585751","0.820579638012264",0.705882352941177,0.783185840707965,0.6,0.723076923076923,0.866666666666667,0.527272727272727,0.712121212121212,0.795918367346939,0.662650602409639,1661464029.17932,0.839340305711987,"0.800269775936189","0.878410835487785",0.759590792838875,0.858407079646018,0.624242424242424,0.653846153846154,0.84,0.4,0.621212121212121,0.816326530612245,0.506024096385542,1661465785.75758,0.838777152051488,"0.799841805736448","0.877712498366529",0.734015345268542,0.911504424778761,0.490909090909091,0.715384615384615,0.92,0.436363636363636,0.606060606060606,0.877551020408163,0.44578313253012,1661466102.20167,1,"1","1",1,1,1,0.707692307692308,0.84,0.527272727272727,0.621212121212121,0.755102040816326,0.542168674698795,1661466176.25807,0.897036739072137,"0.864920732203584","0.929152745940691",0.815856777493606,0.893805309734513,0.709090909090909,0.7,0.813333333333333,0.545454545454545,0.659090909090909,0.775510204081633,0.590361445783133,1661466350.03877,0.768020917135961,"0.721973706988786","0.814068127283136",0.767263427109974,0.853982300884956,0.648484848484848,0.738461538461539,0.866666666666667,0.563636363636364,0.590909090909091,0.714285714285714,0.518072289156627,1661466419.31688,0.87378653794583,"0.839380099717889","0.908192976173771",0.818414322250639,0.849557522123894,0.775757575757576,0.738461538461539,0.773333333333333,0.690909090909091,0.583333333333333,0.673469387755102,0.530120481927711,1661466649.96056,0.828814695628855,"0.789286031075515","0.868343360182195",0.774936061381074,0.84070796460177,0.684848484848485,0.730769230769231,0.866666666666667,0.545454545454545,0.643939393939394,0.714285714285714,0.602409638554217
"29","SimulatedAnnealingRFSMOTE_sig","Yes","Class ~ hsa.miR.20b.5p + hsa.miR.320b + hsa.miR.30d.5p + hsa.miR.1273h.3p",1661462506.23369,0.865044247787611,"0.83121170556792","0.898876790007301",0.807522123893805,0.823008849557522,0.792035398230089,0.846153846153846,0.906666666666667,0.763636363636364,0.803030303030303,0.877551020408163,0.759036144578313,1661464074.76912,0.866767170491033,"0.833084528972602","0.900449812009464",0.758849557522124,0.63716814159292,0.880530973451327,0.723076923076923,0.626666666666667,0.854545454545454,0.78030303030303,0.612244897959184,0.879518072289157,1661465830.18415,0.866062338475997,"0.832624061638801","0.899500615313192",0.77212389380531,0.694690265486726,0.849557522123894,0.707692307692308,0.653333333333333,0.781818181818182,0.75,0.653061224489796,0.807228915662651,1661466103.75363,1,"1","1",1,1,1,0.861538461538462,0.933333333333333,0.763636363636364,0.712121212121212,0.816326530612245,0.650602409638554,1661466177.61653,0.960725193828804,"0.943015530586876","0.978434857070732",0.918141592920354,0.933628318584071,0.902654867256637,0.823076923076923,0.88,0.745454545454545,0.734848484848485,0.877551020408163,0.650602409638554,1661466355.1618,0.92348656903438,"0.898272275485053","0.948700862583707",0.869469026548673,0.84070796460177,0.898230088495575,0.838461538461538,0.813333333333333,0.872727272727273,0.712121212121212,0.73469387755102,0.698795180722892,1661466420.48156,0.870859111911661,"0.83799439292333","0.903723830899992",0.847345132743363,0.858407079646018,0.836283185840708,0.815384615384615,0.853333333333333,0.763636363636364,0.704545454545455,0.836734693877551,0.626506024096386,1661466660.06139,0.917054976897173,"0.891908209522711","0.942201744271635",0.838495575221239,0.858407079646018,0.81858407079646,0.838461538461538,0.866666666666667,0.8,0.689393939393939,0.73469387755102,0.662650602409639
"30","spFSR","No","Class ~ hsa.let.7b.5p + hsa.miR.320b + hsa.miR.106b.5p + hsa.miR.17.5p + hsa.miR.30d.5p + hsa.miR.375.3p + hsa.miR.1304.3p + hsa.miR.20b.5p + hsa.miR.485.3p + hsa.miR.139.3p",1661462506.79847,0.900804505229284,"0.870102123275088","0.93150688718348",0.826086956521739,0.871681415929204,0.763636363636364,0.838461538461538,0.893333333333333,0.763636363636364,0.803030303030303,0.918367346938776,0.734939759036145,1661464133.2753,0.886403861625101,"0.85273422636076","0.920073496889441",0.81074168797954,0.915929203539823,0.666666666666667,0.807692307692308,0.933333333333333,0.636363636363636,0.734848484848485,0.938775510204082,0.614457831325301,1661465886.42453,0.890855457227139,"0.857941096937089","0.923769817517188",0.805626598465473,0.893805309734513,0.684848484848485,0.807692307692308,0.92,0.654545454545455,0.75,0.918367346938776,0.650602409638554,1661466105.67747,1,"1","1",1,1,1,0.853846153846154,0.946666666666667,0.727272727272727,0.75,0.897959183673469,0.662650602409639,1661466179.60729,0.997961920085814,"0.995728408656759","1",0.9846547314578,0.97787610619469,0.993939393939394,0.830769230769231,0.893333333333333,0.745454545454545,0.75,0.857142857142857,0.686746987951807,1661466360.94603,0.89479753285063,"0.862126641394239","0.927468424307022",0.856777493606138,0.907079646017699,0.787878787878788,0.815384615384615,0.893333333333333,0.709090909090909,0.75,0.897959183673469,0.662650602409639,1661466421.58562,0.856368999731832,"0.817379796946863","0.895358202516801",0.841432225063939,0.911504424778761,0.745454545454545,0.830769230769231,0.92,0.709090909090909,0.681818181818182,0.836734693877551,0.590361445783133,1661466666.34713,0.882274068114776,"0.849749391507763","0.914798744721789",0.818414322250639,0.853982300884956,0.76969696969697,0.861538461538462,0.92,0.781818181818182,0.681818181818182,0.897959183673469,0.55421686746988
"31","Mystepwise_glm_binomial","No","Class ~ hsa.miR.19b.3p + hsa.miR.4433a.3p + hsa.let.7b.5p + hsa.miR.106b.5p + hsa.miR.1304.3p + hsa.miR.30d.5p + hsa.miR.320b + hsa.miR.375.3p",1661462507.53258,0.910297666934835,"0.881643473984898","0.938951859884772",0.843989769820972,0.884955752212389,0.787878787878788,0.869230769230769,0.893333333333333,0.836363636363636,0.818181818181818,0.918367346938776,0.759036144578313,1661464186.27539,0.86983105390185,"0.833996055970873","0.905666051832827",0.792838874680307,0.769911504424779,0.824242424242424,0.792307692307692,0.76,0.836363636363636,0.757575757575758,0.775510204081633,0.746987951807229,1661465938.582,0.867605256100831,"0.8315664743277","0.903644037873963",0.792838874680307,0.805309734513274,0.775757575757576,0.823076923076923,0.813333333333333,0.836363636363636,0.765151515151515,0.836734693877551,0.72289156626506,1661466107.64081,1,"1","1",1,1,1,0.861538461538462,0.906666666666667,0.8,0.742424242424242,0.897959183673469,0.650602409638554,1661466181.87539,1,"1","1",1,1,1,0.846153846153846,0.906666666666667,0.763636363636364,0.742424242424242,0.897959183673469,0.650602409638554,1661466366.43043,0.924175382139984,"0.896449916230056","0.951900848049912",0.882352941176471,0.853982300884956,0.921212121212121,0.846153846153846,0.853333333333333,0.836363636363636,0.71969696969697,0.775510204081633,0.686746987951807,1661466422.72942,0.856637168141593,"0.818671868859146","0.89460246742404",0.854219948849105,0.911504424778761,0.775757575757576,0.884615384615385,0.946666666666667,0.8,0.696969696969697,0.877551020408163,0.590361445783133,1661466673.71715,0.938763743631,"0.915265229764552","0.962262257497448",0.856777493606138,0.902654867256637,0.793939393939394,0.846153846153846,0.92,0.745454545454545,0.704545454545455,0.836734693877551,0.626506024096386
"32","ElasticNet","No","Class ~ hsa.let.7b.5p + hsa.miR.30d.5p + hsa.miR.320b + hsa.miR.19b.3p + hsa.miR.20b.5p + hsa.miR.1304.3p + hsa.miR.139.3p + hsa.miR.375.3p",1661462508.15213,0.901582193617592,"0.871117871530085","0.932046515705098",0.813299232736573,0.871681415929204,0.733333333333333,0.853846153846154,0.92,0.763636363636364,0.810606060606061,0.938775510204082,0.734939759036145,1661464237.54224,0.880316438723518,"0.84666536024415","0.913967517202887",0.805626598465473,0.871681415929204,0.715151515151515,0.807692307692308,0.906666666666667,0.672727272727273,0.772727272727273,0.918367346938776,0.686746987951807,1661465988.95739,0.886564762670957,"0.85370133563565","0.919428189706265",0.80306905370844,0.79646017699115,0.812121212121212,0.792307692307692,0.786666666666667,0.8,0.803030303030303,0.795918367346939,0.807228915662651,1661466109.38676,1,"1","1",1,1,1,0.869230769230769,0.92,0.8,0.765151515151515,0.918367346938776,0.674698795180723,1661466183.65821,0.999570930544382,"0.9988346753649","1",0.989769820971867,0.986725663716814,0.993939393939394,0.869230769230769,0.906666666666667,0.818181818181818,0.757575757575758,0.897959183673469,0.674698795180723,1661466371.93698,0.916344864574953,"0.886928821247802","0.945760907902104",0.879795396419437,0.898230088495575,0.854545454545454,0.823076923076923,0.893333333333333,0.727272727272727,0.71969696969697,0.836734693877551,0.650602409638554,1661466423.84367,0.892290158219362,"0.859123017331995","0.925457299106728",0.872122762148338,0.924778761061947,0.8,0.830769230769231,0.92,0.709090909090909,0.674242424242424,0.836734693877551,0.578313253012048,1661466681.01462,0.923035666398498,"0.896629982282974","0.949441350514023",0.867007672634271,0.929203539823009,0.781818181818182,0.853846153846154,0.92,0.763636363636364,0.704545454545455,0.877551020408163,0.602409638554217
"33","classloop_sig","No","Class ~ hsa.miR.20b.5p + hsa.miR.19b.3p + hsa.let.7b.5p + hsa.miR.320b + hsa.miR.30d.5p + hsa.miR.17.5p + hsa.miR.139.3p + hsa.miR.182.5p + hsa.miR.375.3p + hsa.miR.421",1661462508.80294,0.896969696969697,"0.865815284540329","0.928124109399065",0.813299232736573,0.867256637168142,0.739393939393939,0.838461538461538,0.866666666666667,0.8,0.825757575757576,0.938775510204082,0.759036144578313,1661464293.20768,0.882756771252347,"0.849028318007328","0.916485224497365",0.618925831202046,1,0.096969696969697,0.576923076923077,1,0,0.393939393939394,1,0.036144578313253,1661466042.68799,0.877312952534192,"0.842710906764183","0.9119149983042",0.567774936061381,0.261061946902655,0.987878787878788,0.6,0.32,0.981818181818182,0.681818181818182,0.204081632653061,0.963855421686747,1661466110.95391,1,"1","1",1,1,1,0.869230769230769,0.92,0.8,0.734848484848485,0.918367346938776,0.626506024096386,1661466185.52425,0.999946366318048,"0.999817751938337","1",0.994884910485934,0.995575221238938,0.993939393939394,0.853846153846154,0.92,0.763636363636364,0.734848484848485,0.897959183673469,0.63855421686747,1661466377.541,0.89632609278627,"0.863431126246091","0.929221059326449",0.864450127877238,0.889380530973451,0.83030303030303,0.884615384615385,0.906666666666667,0.854545454545454,0.704545454545455,0.836734693877551,0.626506024096386,1661466424.96552,0.901233574684902,"0.869007117165388","0.933460032204417",0.869565217391304,0.915929203539823,0.806060606060606,0.838461538461538,0.906666666666667,0.745454545454545,0.704545454545455,0.836734693877551,0.626506024096386,1661466688.0444,0.923142933762403,"0.896532244472573","0.949753623052232",0.867007672634271,0.929203539823009,0.781818181818182,0.853846153846154,0.92,0.763636363636364,0.704545454545455,0.877551020408163,0.602409638554217
